1,1,0.0000337997652589,-0.0000000647757683
1,2,0.0001183740118235,-0.0000000594786396
1,3,0.0002274619256145,-0.0000000533002063
1,4,0.0003819787995912,-0.0000000459538617
1,5,0.0006090856691351,-0.0000000374364599
1,6,0.0009452965260566,-0.0000000280022458
1,7,0.0014400929757642,-0.0000000181631918
1,8,0.0021601188477259,-0.0000000086670177
1,9,0.0031939598885897,-0.0000000004041432
1,10,0.0046574234174259,0.0000000057776738
1,11,0.0066991196020655,0.0000000093221781
1,12,0.0095060134311535,0.0000000101879900
1,13,0.0133084729731581,0.0000000089220995
1,14,0.0183841990659999,0.0000000064955487
1,15,0.0250603034099547,0.0000000039386965
1,16,0.0337127295760323,0.0000000019617517
1,17,0.0447622100748172,0.0000000007832785
1,18,0.0586660460874541,0.0000000002424391
1,19,0.0759052019368809,0.0000000000557210
1,20,0.0969665292600879,0.0000000000090157
1,21,0.1223203655134945,0.0000000000009628
1,22,0.1523942591417141,0.0000000000000629
1,23,0.1875441126865640,0.0000000000000023
1,24,0.2280245433671779,0.0000000000000000
1,25,0.2739606674518785,0.0000000000000000
1,26,0.3253237500054624,-0.0000000000000000
1,27,0.3819131672076369,-0.0000000000000000
1,28,0.4433468692308221,0.0000000000000000
1,29,0.5090620042638271,-0.0000000000000000
1,30,0.5783266018355635,0.0000000000000000
1,31,0.6502622850496554,0.0000000000000000
1,32,0.7238769845451768,0.0000000000000000
2,1,0.0000337818142690,-0.0000002000205287
2,2,0.0001183166558957,-0.0000001842366646
2,3,0.0002273690930462,-0.0000001660551133
2,4,0.0003818564703567,-0.0000001446807349
2,5,0.0006089417338828,-0.0000001200577687
2,6,0.0009451404499452,-0.0000000928211127
2,7,0.0014399352293179,-0.0000000642834224
2,8,0.0021599699974125,-0.0000000363612901
2,9,0.0031938293331720,-0.0000000113460591
2,10,0.0046573179544447,0.0000000085172793
2,11,0.0066990422296150,0.0000000215839327
2,12,0.0095059628984545,0.0000000273321889
2,13,0.0133084444415020,0.0000000266282260
2,14,0.0183841857903509,0.0000000215431432
2,15,0.0250602988005799,0.0000000147029943
2,16,0.0337127287472865,0.0000000084088238
2,17,0.0447622103112389,0.0000000039519906
2,18,0.0586660463540804,0.0000000014817815
2,19,0.0759052020536452,0.0000000004262324
2,20,0.0969665292914369,0.0000000000895793
2,21,0.1223203655188456,0.0000000000129705
2,22,0.1523942591422737,0.0000000000012080
2,23,0.1875441126865975,0.0000000000000669
2,24,0.2280245433671788,0.0000000000000020
2,25,0.2739606674518785,0.0000000000000000
2,26,0.3253237500054624,0.0000000000000000
2,27,0.3819131672076369,-0.0000000000000000
2,28,0.4433468692308221,-0.0000000000000000
2,29,0.5090620042638271,0.0000000000000000
2,30,0.5783266018355635,-0.0000000000000000
2,31,0.6502622850496554,0.0000000000000000
2,32,0.7238769845451768,0.0000000000000000
3,1,0.0000337618221239,-0.0000003335860214
3,2,0.0001182524152197,-0.0000003085945144
3,3,0.0002272648097199,-0.0000002798900042
3,4,0.0003817187185341,-0.0000002462602438
3,5,0.0006087790935178,-0.0000002075730503
3,6,0.0009449630775557,-0.0000001647061887
3,7,0.0014397542578914,-0.0000001195285553
3,8,0.0021597966629442,-0.0000000747892227
3,9,0.0031936738172325,-0.0000000338002693
3,10,0.0046571880868289,0.0000000001208019
3,11,0.0066989423518131,0.0000000243702422
3,12,0.0095058932674014,0.0000000377504064
3,13,0.0133084014803834,0.0000000408876610
3,14,0.0183841632451284,0.0000000361609503
3,15,0.0250602895032847,0.0000000270683073
3,16,0.0337127263842027,0.0000000171883072
3,17,0.0447622105500337,0.0000000091298945
3,18,0.0586660470008117,0.0000000039549841
3,19,0.0759052024360303,0.0000000013488280
3,20,0.0969665294266926,0.0000000003462776
3,21,0.1223203655496501,0.0000000000633783
3,22,0.1523942591466845,0.0000000000077601
3,23,0.1875441126869727,0.0000000000005912
3,24,0.2280245433671964,0.0000000000000259
3,25,0.2739606674518789,0.0000000000000006
3,26,0.3253237500054624,0.0000000000000000
3,27,0.3819131672076369,-0.0000000000000000
3,28,0.4433468692308221,-0.0000000000000000
3,29,0.5090620042638271,-0.0000000000000000
3,30,0.5783266018355635,0.0000000000000000
3,31,0.6502622850496554,-0.0000000000000000
3,32,0.7238769845451768,0.0000000000000000
4,1,0.0000337378112644,-0.0000004862308623
4,2,0.0001181749836043,-0.0000004519317784
4,3,0.0002271389647228,-0.0000004124360375
4,4,0.0003815524298121,-0.0000003660346084
4,5,0.0006085826262725,-0.0000003124602204
4,6,0.0009447484053610,-0.0000002527916937
4,7,0.0014395343522295,-0.0000001894454607
4,8,0.0021595845272928,-0.0000001260413614
4,9,0.0031934812584017,-0.0000000669946168
4,10,0.0046570243751936,-0.0000000168006074
4,11,0.0066988130588029,0.0000000208776924
4,12,0.0095057996184591,0.0000000440849538
4,13,0.0133083404840861,0.0000000531247605
4,14,0.0183841286629522,0.0000000505552781
4,15,0.0250602734661137,0.0000000405532038
4,16,0.0337127212231956,0.0000000277841147
4,17,0.0447622102849860,0.0000000161321309
4,18,0.0586660480184765,0.0000000077749228
4,19,0.0759052032367913,0.0000000030145741
4,20,0.0969665297804833,0.0000000009025100
4,21,0.1223203656508871,0.0000000001983545
4,22,0.1523942591653218,0.0000000000301542
4,23,0.1875441126890774,0.0000000000029628
4,24,0.2280245433673330,0.0000000000001745
4,25,0.2739606674518836,0.0000000000000057
4,26,0.3253237500054624,0.0000000000000001
4,27,0.3819131672076368,0.0000000000000000
4,28,0.4433468692308221,-0.0000000000000000
4,29,0.5090620042638271,0.0000000000000000
4,30,0.5783266018355635,0.0000000000000000
4,31,0.6502622850496554,0.0000000000000000
4,32,0.7238769845451768,-0.0000000000000000
5,1,0.0000337072439498,-0.0000006765351915
5,2,0.0001180763917308,-0.0000006319743305
5,3,0.0002269788673570,-0.0000005803457964
5,4,0.0003813411171354,-0.0000005192379962
5,5,0.0006083331646123,-0.0000004481141263
5,6,0.0009444758545582,-0.0000003682136993
5,7,0.0014392548822680,-0.0000002825872366
5,8,0.0021593142446984,-0.0000001959548339
5,9,0.0031932347340402,-0.0000001141826361
5,10,0.0046568130682484,-0.0000000433380388
5,11,0.0066986439865670,0.0000000115180943
5,12,0.0095056746533438,0.0000000474815453
5,13,0.0133082565345149,0.0000000645244320
5,14,0.0183840787542375,0.0000000655101423
5,15,0.0250602484795482,0.0000000554480681
5,16,0.0337127118689421,0.0000000401835288
5,17,0.0447622088141396,0.0000000249128758
5,18,0.0586660492305925,0.0000000130056124
5,19,0.0759052045463467,0.0000000055637367
5,20,0.0969665304808984,0.0000000018789831
5,21,0.1223203658928345,0.0000000004779917
5,22,0.1523942592201257,0.0000000000866086
5,23,0.1875441126969097,0.0000000000104832
5,24,0.2280245433679981,0.0000000000007894
5,25,0.2739606674519148,0.0000000000000342
5,26,0.3253237500054632,0.0000000000000008
5,27,0.3819131672076369,0.0000000000000000
5,28,0.4433468692308221,-0.0000000000000000
5,29,0.5090620042638271,0.0000000000000000
5,30,0.5783266018355635,0.0000000000000000
5,31,0.6502622850496554,-0.0000000000000000
5,32,0.7238769845451768,-0.0000000000000000
6,1,0.0000336668880941,-0.0000009227604317
6,2,0.0001179465334656,-0.0000008667563292
6,3,0.0002267684822763,-0.0000008012269304
6,4,0.0003810639495231,-0.0000007227266872
6,5,0.0006080063959371,-0.0000006302079609
6,6,0.0009441191147878,-0.0000005249736661
6,7,0.0014388891473967,-0.0000004108176980
6,8,0.0021589603443963,-0.0000002939068183
6,9,0.0031929114564079,-0.0000001821092737
6,10,0.0046565351341400,-0.0000000837165959
6,11,0.0066984203732035,-0.0000000057871711
6,12,0.0095055077713488,0.0000000474319309
6,13,0.0133081425618596,0.0000000754847651
6,14,0.0183840090777982,0.0000000817266023
6,15,0.0250602118571958,0.0000000723512953
6,16,0.0337126967557544,0.0000000547385505
6,17,0.0447622053246526,0.0000000356426437
6,18,0.0586660503495808,0.0000000197643897
6,19,0.0759052063864004,0.0000000091222013
6,20,0.0969665316481125,0.0000000033889668
6,21,0.1223203663651130,0.0000000009703489
6,22,0.1523942593473764,0.0000000002031498
6,23,0.1875441127190880,0.0000000000292606
6,24,0.2280245433703660,0.0000000000027091
6,25,0.2739606674520597,0.0000000000001498
6,26,0.3253237500054680,0.0000000000000046
6,27,0.3819131672076369,0.0000000000000001
6,28,0.4433468692308221,-0.0000000000000000
6,29,0.5090620042638271,0.0000000000000000
6,30,0.5783266018355635,-0.0000000000000000
6,31,0.6502622850496554,0.0000000000000000
6,32,0.7238769845451768,-0.0000000000000000
7,1,0.0000336125957403,-0.0000012442539790
7,2,0.0001177724783149,-0.0000011761634535
7,3,0.0002264873425416,-0.0000010952839650
7,4,0.0003806943425717,-0.0000009966381324
7,5,0.0006075712115333,-0.0000008782628415
7,6,0.0009436443413308,-0.0000007413088049
7,7,0.0014384025249995,-0.0000005903948281
7,8,0.0021584894402013,-0.0000004335720989
7,9,0.0031924811402311,-0.0000002814720222
7,10,0.0046561648462064,-0.0000001455578920
7,11,0.0066981218732655,-0.0000000358077660
7,12,0.0095052840854276,0.0000000415143159
7,13,0.0133079885355292,0.0000000852518094
7,14,0.0183839134143922,0.0000000994052528
7,15,0.0250601600279960,0.0000000918174501
7,16,0.0337126739686246,0.0000000719757440
7,17,0.0447621988791259,0.0000000486799010
7,18,0.0586660510169284,0.0000000282697542
7,19,0.0759052087273848,0.0000000138405170
7,20,0.0969665333864043,0.0000000055466681
7,21,0.1223203671693609,0.0000000017485166
7,22,0.1523942595981954,0.0000000004126789
7,23,0.1875441127708339,0.0000000000688187
7,24,0.2280245433770885,0.0000000000075980
7,25,0.2739606674525761,0.0000000000005175
7,26,0.3253237500054899,0.0000000000000202
7,27,0.3819131672076373,0.0000000000000004
7,28,0.4433468692308221,0.0000000000000000
7,29,0.5090620042638271,0.0000000000000000
7,30,0.5783266018355635,-0.0000000000000000
7,31,0.6502622850496554,0.0000000000000000
7,32,0.7238769845451768,0.0000000000000000
8,1,0.0000335390000919,-0.0000016623783663
8,2,0.0001175375682496,-0.0000015831725407
8,3,0.0002261091463368,-0.0000014868470628
8,4,0.0003801981288399,-0.0000013661531702
8,5,0.0006069875239390,-0.0000012175503068
8,6,0.0009430077134841,-0.0000010416147239
8,7,0.0014377498969114,-0.0000008437861282
8,8,0.0021578576807195,-0.0000006345209102
8,9,0.0031919036374637,-0.0000004282318896
8,10,0.0046556677327399,-0.0000002408903377
8,11,0.0066977208910246,-0.0000000867543363
8,12,0.0095049831360333,0.0000000248295933
8,13,0.0133077805058213,0.0000000914679857
8,14,0.0183837830748778,0.0000001178661949
8,15,0.0250600880718405,0.0000001140539331
8,16,0.0337126409841537,0.0000000923990874
8,17,0.0447621883229423,0.0000000644906528
8,18,0.0586660508042056,0.0000000388431353
8,19,0.0759052115074697,0.0000000199197039
8,20,0.0969665357875855,0.0000000084809141
8,21,0.1223203684148302,0.0000000028917763
8,22,0.1523942600376578,0.0000000007541641
8,23,0.1875441128755252,0.0000000001423888
8,24,0.2280245433931979,0.0000000000182847
8,25,0.2739606674540845,0.0000000000014918
8,26,0.3253237500055702,0.0000000000000719
8,27,0.3819131672076396,0.0000000000000019
8,28,0.4433468692308221,0.0000000000000000
8,29,0.5090620042638271,-0.0000000000000000
8,30,0.5783266018355636,0.0000000000000000
8,31,0.6502622850496554,-0.0000000000000000
8,32,0.7238769845451768,-0.0000000000000000
9,1,0.0000334391376750,-0.0000022009274800
9,2,0.0001172203063479,-0.0000021148334934
9,3,0.0002256000366709,-0.0000020059020074
9,4,0.0003795312930267,-0.0000018635172623
9,5,0.0006062035120970,-0.0000016814968233
9,6,0.0009421522766362,-0.0000014590777013
9,7,0.0014368722331452,-0.0000012023433794
9,8,0.0021570072771589,-0.0000009247491975
9,9,0.0031911256411806,-0.0000006458425692
9,10,0.0046549976698163,-0.0000003879785766
9,11,0.0066971802048604,-0.0000001716814373
9,12,0.0095045770890912,-0.0000000110144914
9,13,0.0133074993234162,0.0000000894623335
9,14,0.0183836060359244,0.0000001350575539
9,15,0.0250599891642080,0.0000001385828599
9,16,0.0337125943446970,0.0000001162725229
9,17,0.0447621721301616,0.0000000835356054
9,18,0.0586660491713423,0.0000000518762623
9,19,0.0759052146385290,0.0000000276190001
9,20,0.0969665389390693,0.0000000123474280
9,21,0.1223203702182730,0.0000000044897143
9,22,0.1523942607439027,0.0000000012727084
9,23,0.1875441130657517,0.0000000002670437
9,24,0.2280245434270853,0.0000000000390668
9,25,0.2739606674578570,0.0000000000037309
9,26,0.3253237500058161,0.0000000000002169
9,27,0.3819131672076484,0.0000000000000071
9,28,0.4433468692308223,0.0000000000000001
9,29,0.5090620042638271,0.0000000000000000
9,30,0.5783266018355636,-0.0000000000000000
9,31,0.6502622850496554,-0.0000000000000000
9,32,0.7238769845451768,0.0000000000000000
10,1,0.0000333040012535,-0.0000028859511446
10,2,0.0001167930517839,-0.0000028030022274
10,3,0.0002249165714321,-0.0000026897155771
10,4,0.0003786372508245,-0.0000025304904562
10,5,0.0006051522229664,-0.0000023148185108
10,6,0.0009410039303167,-0.0000020392814719
10,7,0.0014356921241065,-0.0000017101145752
10,8,0.0021558618387880,-0.0000013444101284
10,9,0.0031900761502369,-0.0000009686427173
10,10,0.0046540927999587,-0.0000006141880066
10,11,0.0066964495851990,-0.0000003107341933
10,12,0.0095040281621068,-0.0000000795432602
10,13,0.0133071188366502,0.0000000711286099
10,14,0.0183833657672835,0.0000001468260191
10,15,0.0250598538578897,0.0000001637832507
10,16,0.0337125292443783,0.0000001433441004
10,17,0.0447621481904126,0.0000001061201984
10,18,0.0586660453828674,0.0000000677687997
10,19,0.0759052179913222,0.0000000372447674
10,20,0.0969665429294769,0.0000000173353581
10,21,0.1223203727070115,0.0000000066472815
10,22,0.1523942618082759,0.0000000020206646
10,23,0.1875441133840976,0.0000000004638942
10,24,0.2280245434914667,0.0000000000759693
10,25,0.2739606674661997,0.0000000000083278
10,26,0.3253237500064666,0.0000000000005709
10,27,0.3819131672076769,0.0000000000000228
10,28,0.4433468692308230,0.0000000000000005
10,29,0.5090620042638271,0.0000000000000000
10,30,0.5783266018355636,0.0000000000000000
10,31,0.6502622850496556,-0.0000000000000000
10,32,0.7238769845451768,-0.0000000000000000
11,1,0.0000331220356525,-0.0000037448529640
11,2,0.0001162205583285,-0.0000036848020153
11,3,0.0002240034203844,-0.0000035846481462
11,4,0.0003774436687421,-0.0000034214297047
11,5,0.0006037474488515,-0.0000031776907942
11,6,0.0009394663750155,-0.0000028451739632
11,7,0.0014341079582738,-0.0000024292293832
11,8,0.0021543201119898,-0.0000019511978866
11,9,0.0031886602271488,-0.0000014468405049
11,10,0.0046528697968244,-0.0000009602625649
11,11,0.0066954609646407,-0.0000005345501454
11,12,0.0095032849122973,-0.0000002019224343
11,13,0.0133066032921312,0.0000000232079351
11,14,0.0183830395662293,0.0000001458162733
11,15,0.0250596690945806,0.0000001862240707
11,16,0.0337124389777066,0.0000001724612789
11,17,0.0447621135220064,0.0000001321874663
11,18,0.0586660383788822,0.0000000868321779
11,19,0.0759052213551041,0.0000000491192346
11,20,0.0969665478458748,0.0000000236652398
11,21,0.1223203760226984,0.0000000094887325
11,22,0.1523942633368022,0.0000000030594815
11,23,0.1875441138839952,0.0000000007585141
11,24,0.2280245436043059,0.0000000001369870
11,25,0.2739606674829090,0.0000000000169508
11,26,0.3253237500079937,0.0000000000013452
11,27,0.3819131672077576,0.0000000000000639
11,28,0.4433468692308250,0.0000000000000017
11,29,0.5090620042638271,0.0000000000000000
11,30,0.5783266018355636,-0.0000000000000000
11,31,0.6502622850496556,0.0000000000000000
11,32,0.7238769845451768,-0.0000000000000000
12,1,0.0000328786055988,-0.0000048045720480
12,2,0.0001154584418623,-0.0000048027654102
12,3,0.0002227908866704,-0.0000047482532098
12,4,0.0003758588715470,-0.0000046072548088
12,5,0.0006018788127564,-0.0000043513521626
12,6,0.0009374147866540,-0.0000039639238280
12,7,0.0014319863294749,-0.0000034474838936
12,8,0.0021522475383930,-0.0000028280542540
12,9,0.0031867503503665,-0.0000021537459799
12,10,0.0046512157437763,-0.0000014866011495
12,11,0.0066941214802792,-0.0000008892941300
12,12,0.0095022768243742,-0.0000004106910380
12,13,0.0133059035238950,-0.0000000752733001
12,14,0.0183825961263991,0.0000001198353753
12,15,0.0250594167874732,0.0000001996852682
12,16,0.0337123141709035,0.0000002010173989
12,17,0.0447620638784665,0.0000001610236946
12,18,0.0586660265897556,0.0000001091479686
12,19,0.0759052243662391,0.0000000635250972
12,20,0.0969665537575830,0.0000000315758315
12,21,0.1223203803227021,0.0000000131585290
12,22,0.1523942654525250,0.0000000044616491
12,23,0.1875441146309220,0.0000000011816351
12,24,0.2280245437897390,0.0000000002323506
12,25,0.2739606675137863,0.0000000000319880
12,26,0.3253237500112442,0.0000000000028916
12,27,0.3819131672079605,0.0000000000001605
12,28,0.4433468692308321,0.0000000000000051
12,29,0.5090620042638272,0.0000000000000001
12,30,0.5783266018355636,0.0000000000000000
12,31,0.6502622850496556,0.0000000000000000
12,32,0.7238769845451768,0.0000000000000000
13,1,0.0000325554952911,-0.0000060886266660
13,2,0.0001144517460115,-0.0000062045966268
13,3,0.0002211924557380,-0.0000062517782719
13,4,0.0003737679765314,-0.0000061806031841
13,5,0.0005994060384368,-0.0000059456488901
13,6,0.0009346879510745,-0.0000055163686931
13,7,0.0014291521172939,-0.0000048889865681
13,8,0.0021494647977630,-0.0000040941530972
13,9,0.0031841743223163,-0.0000031962102391
13,10,0.0046489765065989,-0.0000022824043214
13,11,0.0066923033270843,-0.0000014440416521
13,12,0.0095009063101296,-0.0000007552496119
13,13,0.0133049512751419,-0.0000002567653607
13,14,0.0183819919135523,0.0000000494637108
13,15,0.0250590717293278,0.0000001937404920
13,16,0.0337121416719242,0.0000002241590685
13,17,0.0447619931938418,0.0000001908398497
13,18,0.0586660076734392,0.0000001343634240
13,19,0.0759052263972653,0.0000000806188224
13,20,0.0969665606813046,0.0000000412965491
13,21,0.1223203857757536,0.0000000178172858
13,22,0.1523942682976405,0.0000000063119276
13,23,0.1875441157040101,0.0000000017700181
13,24,0.2280245440790745,0.0000000003748558
13,25,0.2739606675672027,0.0000000000567003
13,26,0.3253237500176224,0.0000000000057568
13,27,0.3819131672084231,0.0000000000003674
13,28,0.4433468692308513,0.0000000000000138
13,29,0.5090620042638275,0.0000000000000003
13,30,0.5783266018355636,0.0000000000000000
13,31,0.6502622850496554,0.0000000000000000
13,32,0.7238769845451768,-0.0000000000000000
14,1,0.0000321305479884,-0.0000076128124889
14,2,0.0001131339048742,-0.0000079425022786
14,3,0.0002191027394972,-0.0000081831950451
14,4,0.0003710290473113,-0.0000082625212839
14,5,0.0005961524747319,-0.0000081091303802
14,6,0.0009310785724375,-0.0000076699480536
14,7,0.0014253755113085,-0.0000069290184800
14,8,0.0021457321548324,-0.0000059204954270
14,9,0.0031806981930312,-0.0000047296542290
14,10,0.0046459398833684,-0.0000034789774737
14,11,0.0066898287537756,-0.0000023015790098
14,12,0.0094990366981958,-0.0000013098925502
14,13,0.0133036505910148,-0.0000005706735180
14,14,0.0183811656554729,-0.0000000953889593
14,15,0.0250585984317771,0.0000001517413097
14,16,0.0337119029032411,0.0000002336733342
14,17,0.0447618927809697,0.0000002181876712
14,18,0.0586659781413666,0.0000001614034996
14,19,0.0759052263929882,0.0000001003028964
14,20,0.0969665685210485,0.0000000530010619
14,21,0.1223203925480669,0.0000000236305711
14,22,0.1523942720338394,0.0000000087068855
14,23,0.1875441171978637,0.0000000025672776
14,24,0.2280245445119369,0.0000000005802635
14,25,0.2739606676547172,0.0000000000953895
14,26,0.3253237500293150,0.0000000000107441
14,27,0.3819131672093938,0.0000000000007778
14,28,0.4433468692308982,0.0000000000000339
14,29,0.5090620042638287,0.0000000000000008
14,30,0.5783266018355636,0.0000000000000000
14,31,0.6502622850496554,0.0000000000000000
14,32,0.7238769845451768,0.0000000000000000
15,1,0.0000315776250282,-0.0000093794458741
15,2,0.0001114265885321,-0.0000100720722219
15,3,0.0002163964239761,-0.0000106508774762
15,4,0.0003674697976297,-0.0000110110313140
15,5,0.0005918981140099,-0.0000110423570850
15,6,0.0009263214943181,-0.0000106561895998
15,7,0.0014203550512745,-0.0000098145997154
15,8,0.0021407279568081,-0.0000085519454271
15,9,0.0031760019209227,-0.0000069796729540
15,10,0.0046418108905563,-0.0000052690959520
15,11,0.0066864475579748,-0.0000036142315992
15,12,0.0094964739113781,-0.0000021855779198
15,13,0.0133018645364350,-0.0000010913205858
15,14,0.0183800297979416,-0.0000003604087686
15,15,0.0250579462443729,0.0000000479974353
15,16,0.0337115713589588,0.0000002164650022
15,17,0.0447617501473899,0.0000002371708489
15,18,0.0586659328210654,0.0000001880795781
15,19,0.0759052226339198,0.0000001220464014
15,20,0.0969665769742211,0.0000000667366152
15,21,0.1223204007754274,0.0000000307479294
15,22,0.1523942768387865,0.0000000117515843
15,23,0.1875441192240857,0.0000000036243160
15,24,0.2280245451375612,0.0000000008677439
15,25,0.2739606677917685,0.0000000001535879
15,26,0.3253237500495573,0.0000000000189834
15,27,0.3819131672112927,0.0000000000015398
15,28,0.4433468692310045,0.0000000000000769
15,29,0.5090620042638320,0.0000000000000022
15,30,0.5783266018355636,0.0000000000000000
15,31,0.6502622850496554,-0.0000000000000000
15,32,0.7238769845451768,0.0000000000000000
16,1,0.0000308671598935,-0.0000113702723269
16,2,0.0001092411649762,-0.0000126507504754
16,3,0.0002129291559774,-0.0000137879659360
16,4,0.0003628857248587,-0.0000146317679998
16,5,0.0005863726375796,-0.0000150149871739
16,6,0.0009200796925432,-0.0000147938938983
16,7,0.0014136955630762,-0.0000138925973750
16,8,0.0021340190085632,-0.0000123381744205
16,9,0.0031696444169297,-0.0000102730641747
16,10,0.0046361751123385,-0.0000079352850548
16,11,0.0066818028598409,-0.0000056071970491
16,12,0.0094929380568925,-0.0000035472858999
16,13,0.0132993943221765,-0.0000019295692274
16,14,0.0183784569869229,-0.0000008139056211
16,15,0.0250570416505540,-0.0000001561123602
16,16,0.0337111087139422,0.0000001525350548
16,17,0.0447615472105522,0.0000002384259160
16,18,0.0586658640770123,0.0000002105846013
16,19,0.0759052123996484,0.0000001446464121
16,20,0.0969665853927735,0.0000000823237709
16,21,0.1223204105157641,0.0000000392691231
16,22,0.1523942828961289,0.0000000155520253
16,23,0.1875441219116844,0.0000000049988958
16,24,0.2280245460161511,0.0000000012602827
16,25,0.2739606679984468,0.0000000002382734
16,26,0.3253237500829457,0.0000000000320111
16,27,0.3819131672147895,0.0000000000028780
16,28,0.4433468692312277,0.0000000000001626
16,29,0.5090620042638403,0.0000000000000054
16,30,0.5783266018355638,0.0000000000000001
16,31,0.6502622850496554,0.0000000000000000
16,32,0.7238769845451768,0.0000000000000000
17,1,0.0000299676997747,-0.0000135385805410
17,2,0.0001064828068912,-0.0000157360005571
17,3,0.0002085417116894,-0.0000177572126974
17,4,0.0003570410382363,-0.0000193904472808
17,5,0.0005792495046293,-0.0000203867746468
17,6,0.0009119282131599,-0.0000205189570779
17,7,0.0014048797714258,-0.0000196474380887
17,8,0.0021250197975067,-0.0000177767401314
17,9,0.0031610130839154,-0.0000150823605662
17,10,0.0046284438226003,-0.0000118913442725
17,11,0.0066753783563160,-0.0000086132824606
17,12,0.0094880186572513,-0.0000056399324952
17,13,0.0132959458814437,-0.0000032499772315
17,14,0.0183762582315774,-0.0000015568885061
17,15,0.0250557758286823,-0.0000005174464385
17,16,0.0337104586297901,0.0000000123940032
17,17,0.0447612575490150,0.0000002078892978
17,18,0.0586657606689588,0.0000002228919268
17,19,0.0759051914952595,0.0000001659342502
17,20,0.0969665925861312,0.0000000992242048
17,21,0.1223204216757911,0.0000000491948008
17,22,0.1523942903758345,0.0000000202017825
17,23,0.1875441254051775,0.0000000067537518
17,24,0.2280245472200774,0.0000000017849178
17,25,0.2739606683003510,0.0000000003580976
17,26,0.3253237501357989,0.0000000000518599
17,27,0.3819131672209049,0.0000000000051184
17,28,0.4433468692316681,0.0000000000003238
17,29,0.5090620042638589,0.0000000000000124
17,30,0.5783266018355641,0.0000000000000003
17,31,0.6502622850496556,0.0000000000000000
17,32,0.7238769845451768,-0.0000000000000000
18,1,0.0000288489440921,-0.0000158017287146
18,2,0.0001030585580388,-0.0000193832896259
18,3,0.0002030692284432,-0.0000227555379367
18,4,0.0003496743734008,-0.0000256259425470
18,5,0.0005701428685189,-0.0000276314973176
18,6,0.0009013369131168,-0.0000284209229616
18,7,0.0013932325620951,-0.0000277503121190
18,8,0.0021129367539651,-0.0000255722980346
18,9,0.0031492508531928,-0.0000220896556485
18,10,0.0046177711754904,-0.0000177437721101
18,11,0.0066664160120084,-0.0000131253508599
18,12,0.0094811029391681,-0.0000088277755487
18,13,0.0132910753008401,-0.0000052966187997
18,14,0.0183731468422245,-0.0000027377119030
18,15,0.0250539840748671,-0.0000011182975796
18,16,0.0337095366361438,-0.0000002460850592
18,17,0.0447608420637856,0.0000001254672923
18,18,0.0586656060558597,0.0000002161410785
18,19,0.0759051535923626,0.0000001824600931
18,20,0.0969665965521846,0.0000001163834555
18,21,0.1223204339051233,0.0000000603606011
18,22,0.1523942994011817,0.0000000257613005
18,23,0.1875441298588376,0.0000000089525207
18,24,0.2280245488345264,0.0000000024726041
18,25,0.2739606687294950,0.0000000005236059
18,26,0.3253237502165713,0.0000000000811600
18,27,0.3819131672311329,0.0000000000087187
18,28,0.4433468692324899,0.0000000000006117
18,29,0.5090620042638985,0.0000000000000264
18,30,0.5783266018355654,0.0000000000000007
18,31,0.6502622850496556,0.0000000000000000
18,32,0.7238769845451768,0.0000000000000000
19,1,0.0000274868556460,-0.0000180362218959
19,2,0.0000988908195269,-0.0000236438892315
19,3,0.0001963576137510,-0.0000290163919719
19,4,0.0003405119994476,-0.0000337607919585
19,5,0.0005586102598015,-0.0000373604588501
19,6,0.0008876542037073,-0.0000392841847729
19,7,0.0013778777497287,-0.0000391205466080
19,8,0.0020966932370022,-0.0000367163434233
19,9,0.0031331510129197,-0.0000322777499381
19,10,0.0046029285801299,-0.0000263834120921
19,11,0.0066537861009767,-0.0000198769417372
19,12,0.0094712590239962,-0.0000136558626669
19,13,0.0132840978565084,-0.0000084331026644
19,14,0.0183686774286369,-0.0000045739351001
19,15,0.0250514108400942,-0.0000020761822443
19,16,0.0337082131139766,-0.0000006811999919
19,17,0.0447602419282434,-0.0000000360503241
19,18,0.0586653758271843,0.0000001782407091
19,19,0.0759050893221921,0.0000001892570232
19,20,0.0969665941267632,0.0000001320783704
19,21,0.1223204464533458,0.0000000723591780
19,22,0.1523943099987552,0.0000000322290883
19,23,0.1875441354251795,0.0000000116527222
19,24,0.2280245509570156,0.0000000033574452
19,25,0.2739606693251769,0.0000000007474008
19,26,0.3253237503363218,0.0000000001232489
19,27,0.3819131672475910,0.0000000000143028
19,28,0.4433468692339519,0.0000000000011031
19,29,0.5090620042639775,0.0000000000000533
19,30,0.5783266018355679,0.0000000000000015
19,31,0.6502622850496556,0.0000000000000000
19,32,0.7238769845451769,-0.0000000000000000
20,1,0.0000258713344439,-0.0000200785984296
20,2,0.0000939374641475,-0.0000285620494213
20,3,0.0001882891827307,-0.0000368060021204
20,4,0.0003292918374493,-0.0000443024787066
20,5,0.0005441655773411,-0.0000503376772074
20,6,0.0008700964152571,-0.0000541270510930
20,7,0.0013576895256452,-0.0000549962693107
20,8,0.0020748315163009,-0.0000525908990171
20,9,0.0031110071341021,-0.0000470591102266
20,10,0.0045821137507120,-0.0000391232776657
20,11,0.0066357798148125,-0.0000299688157670
20,12,0.0094570423180151,-0.0000209489108389
20,13,0.0132739328989985,-0.0000132071098947
20,14,0.0183621398942177,-0.0000073863602471
20,15,0.0250476484903784,-0.0000035574095457
20,16,0.0337062837049036,-0.0000013708022687
20,17,0.0447593667227176,-0.0000003110034714
20,18,0.0586650337046124,0.0000000942428625
20,19,0.0759049850411794,0.0000001799359464
20,20,0.0969665805569749,0.0000001438513234
20,21,0.1223204579930408,0.0000000844682238
20,22,0.1523943220293264,0.0000000395064679
20,23,0.1875441422356686,0.0000000148952175
20,24,0.2280245536949850,0.0000000044749747
20,25,0.2739606701346571,0.0000000010441772
20,26,0.3253237505092244,0.0000000001822834
20,27,0.3819131672731981,0.0000000000227020
20,28,0.4433468692364455,0.0000000000019098
20,29,0.5090620042641283,0.0000000000001024
20,30,0.5783266018355732,0.0000000000000033
20,31,0.6502622850496556,0.0000000000000001
20,32,0.7238769845451769,0.0000000000000000
21,1,0.0000240165379772,-0.0000217364132744
21,2,0.0000882187103580,-0.0000341701312361
21,3,0.0001788185831017,-0.0000464063983839
21,4,0.0003158016483766,-0.0000578232150358
21,5,0.0005263088222630,-0.0000674709647709
21,6,0.0008477513628836,-0.0000742226436523
21,7,0.0013312457511899,-0.0000770029788958
21,8,0.0020453913755671,-0.0000750946890074
21,9,0.0030804033664313,-0.0000684544303708
21,10,0.0045526614038638,-0.0000579066009350
21,11,0.0066097753678889,-0.0000450719040779
21,12,0.0094361688044381,-0.0000319762888778
21,13,0.0132588326272665,-0.0000204597875309
21,14,0.0183523694681575,-0.0000116553818520
21,15,0.0250420261766605,-0.0000057968295635
21,16,0.0337034157837895,-0.0000024142513497
21,17,0.0447580735889155,-0.0000007378991991
21,18,0.0586645250729407,-0.0000000512359167
21,19,0.0759048211681309,0.0000001476991907
21,20,0.0969665490434688,0.0000001487311578
21,21,0.1223204664317171,0.0000000956340891
21,22,0.1523943351026035,0.0000000473637604
21,23,0.1875441503721560,0.0000000186903463
21,24,0.2280245571605196,0.0000000058591757
21,25,0.2739606712134034,0.0000000014305332
21,26,0.3253237507530996,0.0000000002633413
21,27,0.3819131673118817,0.0000000000349995
21,28,0.4433468692405438,0.0000000000031892
21,29,0.5090620042644025,0.0000000000001884
21,30,0.5783266018355843,0.0000000000000068
21,31,0.6502622850496559,0.0000000000000001
21,32,0.7238769845451768,0.0000000000000000
22,1,0.0000219729714737,-0.0000228139430685
22,2,0.0000818483921476,-0.0000404786099169
22,3,0.0001680172990954,-0.0000580738055509
22,4,0.0002999332325876,-0.0000748979884873
22,5,0.0005045804430224,-0.0000897505826369
22,6,0.0008196103449132,-0.0001010688476803
22,7,0.0012967996493686,-0.0001071903511891
22,8,0.0020057743787416,-0.0001067758294536
22,9,0.0030379327471425,-0.0000993281616206
22,10,0.0045106100991387,-0.0000856186656540
22,11,0.0065716975867965,-0.0000677587414064
22,12,0.0094049538572438,-0.0000487379435259
22,13,0.0132358945961519,-0.0000315221000775
22,14,0.0183373940106908,-0.0000181220039741
22,15,0.0250333995640279,-0.0000091295197423
22,16,0.0336990469321211,-0.0000039302449734
22,17,0.0447561286162562,-0.0000013491642453
22,18,0.0586637659334598,-0.0000002666097759
22,19,0.0759045699612596,0.0000000886364720
22,20,0.0969664903931650,0.0000001442110676
22,21,0.1223204687837114,0.0000001046329522
22,22,0.1523943484921982,0.0000000554305798
22,23,0.1875441598296842,0.0000000230031022
22,24,0.2280245614612833,0.0000000075380864
22,25,0.2739606726245695,0.0000000019244376
22,26,0.3253237510899137,0.0000000003724898
22,27,0.3819131673688153,0.0000000000525803
22,28,0.4433468692470625,0.0000000000051580
22,29,0.5090620042648819,0.0000000000003332
22,30,0.5783266018356054,0.0000000000000134
22,31,0.6502622850496564,0.0000000000000003
22,32,0.7238769845451768,0.0000000000000000
23,1,0.0000198387238786,-0.0000231558510299
23,2,0.0000750627310729,-0.0000474555907437
23,3,0.0001561193721247,-0.0000719565329456
23,4,0.0002817496609589,-0.0000959713941933
23,5,0.0004786470617435,-0.0001180898305273
23,6,0.0007846489306927,-0.0001362469179069
23,7,0.0012523017289728,-0.0001479714845755
23,8,0.0019526238288549,-0.0001509186832436
23,9,0.0029788461115867,-0.0001436655765202
23,10,0.0044500709403267,-0.0001265398387072
23,11,0.0065151445813765,-0.0001020489744480
23,12,0.0093573328167699,-0.0000744775003947
23,13,0.0132001593456379,-0.0000485891007076
23,14,0.0183137521965277,-0.0000279865079014
23,15,0.0250197327734405,-0.0000140502459166
23,16,0.0336921809697072,-0.0000060454423598
23,17,0.0447531304484362,-0.0000021437320368
23,18,0.0586626225913695,-0.0000005339792863
23,19,0.0759041925349802,0.0000000105510001
23,20,0.0969663931552483,0.0000001311008662
23,21,0.1223204612870425,0.0000001107016706
23,22,0.1523943610995141,0.0000000632675806
23,23,0.1875441704772746,0.0000000277450360
23,24,0.2280245666872869,0.0000000095283775
23,25,0.2739606744373057,0.0000000025442443
23,26,0.3253237515461667,0.0000000005167931
23,27,0.3819131674506805,0.0000000000771809
23,28,0.4433468692571337,0.0000000000081070
23,29,0.5090620042656897,0.0000000000005689
23,30,0.5783266018356455,0.0000000000000253
23,31,0.6502622850496577,0.0000000000000007
23,32,0.7238769845451768,0.0000000000000000
24,1,0.0000177646377253,-0.0000227075271626
24,2,0.0000682329522916,-0.0000549883579576
24,3,0.0001435514759348,-0.0000879547060470
24,4,0.0002615518737506,-0.0001211175015836
24,5,0.0004484173053009,-0.0001530034051348
24,6,0.0007419786253783,-0.0001810688376267
24,7,0.0011955234862711,-0.0002018340900373
24,8,0.0018817899302493,-0.0002114509384379
24,9,0.0028966784318766,-0.0002068030356809
24,10,0.0043623574140476,-0.0001869485463771
24,11,0.0064299968495241,-0.0001542937641279
24,12,0.0092831332373844,-0.0001146256998168
24,13,0.0131428898599856,-0.0000754748797336
24,14,0.0182751146482546,-0.0000433385511372
24,15,0.0249972173311992,-0.0000213488104903
24,16,0.0336809484734581,-0.0000088664919018
24,17,0.0447483461896022,-0.0000030192438609
24,18,0.0586608703811704,-0.0000007605268215
24,19,0.0759036346678778,-0.0000000445204395
24,20,0.0969662451798006,0.0000001210310503
24,21,0.1223204402261211,0.0000001153531647
24,22,0.1523943715928755,0.0000000706605470
24,23,0.1875441820382190,0.0000000327934007
24,24,0.2280245728949232,0.0000000118307254
24,25,0.2739606767235503,0.0000000033072307
24,26,0.3253237521530508,0.0000000007042192
24,27,0.3819131675659421,0.0000000001109358
24,28,0.4433468692722944,0.0000000000124195
24,29,0.5090620042670081,0.0000000000009415
24,30,0.5783266018357176,0.0000000000000459
24,31,0.6502622850496604,0.0000000000000014
24,32,0.7238769845451771,0.0000000000000000
25,1,0.0000159452366746,-0.0000215817559154
25,2,0.0000618401632898,-0.0000628192236649
25,3,0.0001309174780705,-0.0001055105543938
25,4,0.0002399120007484,-0.0001496634549501
25,5,0.0004141641549331,-0.0001940522694552
25,6,0.0006910766186144,-0.0002358715980704
25,7,0.0011243469770690,-0.0002705938310092
25,8,0.0017885092026405,-0.0002923740973755
25,9,0.0027830002815819,-0.0002953299626988
25,10,0.0042349202653470,-0.0002757386714964
25,11,0.0063002894883309,-0.0002345173326526
25,12,0.0091650302402684,-0.0001785369955874
25,13,0.0130482041722045,-0.0001192047337730
25,14,0.0182093579935001,-0.0000681745534738
25,15,0.0249582863569753,-0.0000324790131940
25,16,0.0336615762462887,-0.0000124365225785
25,17,0.0447403207588126,-0.0000036080450344
25,18,0.0586580979656108,-0.0000006544602528
25,19,0.0759028197618462,0.0000000581613835
25,20,0.0969660389900679,0.0000001560736189
25,21,0.1223204046283427,0.0000001272357819
25,22,0.1523943790408185,0.0000000784921425
25,23,0.1875441941480166,0.0000000380896379
25,24,0.2280245800945699,0.0000000144314032
25,25,0.2739606795532805,0.0000000042279077
25,26,0.3253237529462421,0.0000000009434136
25,27,0.3819131677251146,0.0000000001564117
25,28,0.4433468692945899,0.0000000000185903
25,29,0.5090620042690990,0.0000000000015143
25,30,0.5783266018358423,0.0000000000000804
25,31,0.6502622850496647,0.0000000000000026
25,32,0.7238769845451771,0.0000000000000001
26,1,0.0000145852664371,-0.0000201072280063
26,2,0.0000563853395453,-0.0000704519720711
26,3,0.0001188949665639,-0.0001233400443674
26,4,0.0002176144020843,-0.0001796832446346
26,5,0.0003765859756138,-0.0002390169518913
26,6,0.0006320470827011,-0.0002988095775728
26,7,0.0010372546210855,-0.0003538515113300
26,8,0.0016679800698846,-0.0003961481378856
26,9,0.0026276229133528,-0.0004159417532934
26,10,0.0040503888896676,-0.0004044363914313
26,11,0.0061012522867676,-0.0003580624469385
26,12,0.0089733175196417,-0.0002825312367844
26,13,0.0128863829875984,-0.0001934368705274
26,14,0.0180920578275270,-0.0001109797992273
26,15,0.0248867926548244,-0.0000507106432872
26,16,0.0336257157248038,-0.0000167638929926
26,17,0.0447258203889505,-0.0000028843903429
26,18,0.0586534443630037,0.0000006082727802
26,19,0.0759016307091145,0.0000007082058473
26,20,0.0969657872817256,0.0000003630320397
26,21,0.1223203639852177,0.0000001754122225
26,22,0.1523943848736689,0.0000000911581923
26,23,0.1875442066411795,0.0000000439525716
26,24,0.2280245882604377,0.0000000173245648
26,25,0.2739606829892982,0.0000000053170958
26,26,0.3253237539651972,0.0000000012433367
26,27,0.3819131679409902,0.0000000002166209
26,28,0.4433468693266882,0.0000000000272465
26,29,0.5090620042723285,0.0000000000023741
26,30,0.5783266018360523,0.0000000000001366
26,31,0.6502622850496730,0.0000000000000049
26,32,0.7238769845451771,0.0000000000000001
27,1,0.0000138330907588,-0.0000188166728316
27,2,0.0000522106086815,-0.0000770348007952
27,3,0.0001079990822641,-0.0001391595617384
27,4,0.0001954228056957,-0.0002074514671531
27,5,0.0003366750105483,-0.0002828814550439
27,6,0.0005657509234421,-0.0003641134728844
27,7,0.0009339112766905,-0.0004463187253138
27,8,0.0015164568835200,-0.0005201554218659
27,9,0.0024197893661874,-0.0005717154236800
27,10,0.0037865872809255,-0.0005847247118143
27,11,0.0057960788661631,-0.0005461249580006
27,12,0.0086576114358027,-0.0004543101470142
27,13,0.0126007046957473,-0.0003255529663610
27,14,0.0178714755002434,-0.0001915303570943
27,15,0.0247453679631812,-0.0000850588547804
27,16,0.0335526760610780,-0.0000225670574424
27,17,0.0446964966233070,0.0000017210236795
27,18,0.0586447059600554,0.0000053476982967
27,19,0.0758998300416574,0.0000030537369695
27,20,0.0969655656185294,0.0000011229126634
27,21,0.1223203604647785,0.0000003494121199
27,22,0.1523943985686459,0.0000001235547024
27,23,0.1875442204766338,0.0000000519906850
27,24,0.2280245974135733,0.0000000205940636
27,25,0.2739606870856032,0.0000000065846923
27,26,0.3253237552519890,0.0000000016128679
27,27,0.3819131682287850,0.0000000002950028
27,28,0.4433468693720073,0.0000000000391675
27,29,0.5090620042772008,0.0000000000036362
27,30,0.5783266018363948,0.0000000000002257
27,31,0.6502622850496881,0.0000000000000089
27,32,0.7238769845451776,0.0000000000000002
28,1,0.0000136792840991,-0.0000183148690918
28,2,0.0000492282353029,-0.0000812372309584
28,3,0.0000981944910131,-0.0001495177493895
28,4,0.0001736024344539,-0.0002270789590912
28,5,0.0002952162629338,-0.0003169581170510
28,6,0.0004934763574747,-0.0004201656108198
28,7,0.0008154018609171,-0.0005340946718582
28,8,0.0013325764575367,-0.0006504685718825
28,9,0.0021507674939265,-0.0007533778504527
28,10,0.0034191747875688,-0.0008189894658608
28,11,0.0053348593507718,-0.0008196853946865
28,12,0.0081362657500216,-0.0007351881370484
28,13,0.0120832686336284,-0.0005688579931730
28,14,0.0174336489877229,-0.0003582690406964
28,15,0.0244400069867939,-0.0001642078764567
28,16,0.0333839305549762,-0.0000366067460100
28,17,0.0446262786690422,0.0000156330908540
28,18,0.0586244296710123,0.0000203493561064
28,19,0.0758965351757678,0.0000108344253707
28,20,0.0969656193115880,0.0000037184485101
28,21,0.1223205387744620,0.0000009474327920
28,22,0.1523944552222136,0.0000002247582892
28,23,0.1875442405579483,0.0000000679302210
28,24,0.2280246079212348,0.0000000246695451
28,25,0.2739606919014120,0.0000000080543446
28,26,0.3253237568501816,0.0000000020607779
28,27,0.3819131686061696,0.0000000003953749
28,28,0.4433468694348441,0.0000000000553030
28,29,0.5090620042843946,0.0000000000054517
28,30,0.5783266018369396,0.0000000000003632
28,31,0.6502622850497140,0.0000000000000156
28,32,0.7238769845451783,0.0000000000000004
29,1,0.0000138311684113,-0.0000189532256885
29,2,0.0000465942546338,-0.0000811400185784
29,3,0.0000884066050055,-0.0001498817397171
29,4,0.0001512147420948,-0.0002306822257489
29,5,0.0002518039659275,-0.0003288162769286
29,6,0.0004157484641471,-0.0004484588377200
29,7,0.0006832620671029,-0.0005912455654090
29,8,0.0011176505126624,-0.0007537858310646
29,9,0.0018169674974600,-0.0009239631437861
29,10,0.0029283217464542,-0.0010767410416978
29,11,0.0046612221510132,-0.0011722259613378
29,12,0.0072910422896646,-0.0011618005097414
29,13,0.0111394559300787,-0.0010091216079123
29,14,0.0165263202768541,-0.0007238726368413
29,15,0.0237179519252283,-0.0003832853024241
29,16,0.0329298702536581,-0.0001028441732768
29,17,0.0444137517332422,0.0000416104301358
29,18,0.0585571936554154,0.0000652581095664
29,19,0.0758854545079266,0.0000383097189163
29,20,0.0969663273236924,0.0000136759690336
29,21,0.1223213935007619,0.0000032774390848
29,22,0.1523946822114593,0.0000005956086735
29,23,0.1875442855078364,0.0000001132047193
29,24,0.2280246214858420,0.0000000312013574
29,25,0.2739606975664366,0.0000000098153389
29,26,0.3253237588056677,0.0000000025973079
29,27,0.3819131690931885,0.0000000005218792
29,28,0.4433468695204982,0.0000000000767853
29,29,0.5090620042948077,0.0000000000080150
29,30,0.5783266018377846,0.0000000000005711
29,31,0.6502622850497579,0.0000000000000269
29,32,0.7238769845451790,0.0000000000000025
30,1,0.0000135841470298,-0.0000202235661053
30,2,0.0000424161577686,-0.0000741338892830
30,3,0.0000760973004410,-0.0001351034224366
30,4,0.0001253935194163,-0.0002094433375172
30,5,0.0002035498466637,-0.0003038498489265
30,6,0.0003301998128155,-0.0004252324575982
30,7,0.0005364842944718,-0.0005800991507399
30,8,0.0008726461106219,-0.0007728648883205
30,9,0.0014196386506179,-0.0010023634689338
30,10,0.0023062022198584,-0.0012557917634878
30,11,0.0037314311384878,-0.0015001115264956
30,12,0.0059878582156634,-0.0016741023315965
30,13,0.0094690560012269,-0.0016913883391208
30,14,0.0146323703125338,-0.0014725336935093
30,15,0.0218953515642305,-0.0010143818615364
30,16,0.0315122991214576,-0.0004517889167302
30,17,0.0435727547044515,-0.0000100806879354
30,18,0.0582045931770566,0.0001697634515899
30,19,0.0757943091831486,0.0001441909698651
30,20,0.0969577000025150,0.0000647679956315
30,21,0.1223237726638980,0.0000175785786089
30,22,0.1523956201024570,0.0000029727797738
30,23,0.1875444411008405,0.0000003536751190
30,24,0.2280246455452963,0.0000000496538529
30,25,0.2739607045328525,0.0000000122562239
30,26,0.3253237611756687,0.0000000032415414
30,27,0.3819131697122409,0.0000000006790514
30,28,0.4433468696353817,0.0000000001049375
30,29,0.5090620043096068,0.0000000000115722
30,30,0.5783266018390658,0.0000000000010245
30,31,0.6502622850490744,0.0000000000055451
30,32,0.7238769845282702,0.0000000000196805
31,1,0.0000116984129224,-0.0000197377462393
31,2,0.0000336368002114,-0.0000567980125500
31,3,0.0000571882483409,-0.0001003089568433
31,4,0.0000910285900246,-0.0001556621911988
31,5,0.0001441308818873,-0.0002288933988257
31,6,0.0002293684349182,-0.0003272738356012
31,7,0.0003671733420304,-0.0004596035329617
31,8,0.0005909163316753,-0.0006360401639184
31,9,0.0009556635080331,-0.0008669887326742
31,10,0.0015525937621478,-0.0011600403658244
31,11,0.0025321320398197,-0.0015132214363409
31,12,0.0041385797809810,-0.0019023385864924
31,13,0.0067542698835757,-0.0022619372397124
31,14,0.0109348601428086,-0.0024682976484490
31,15,0.0173837215868116,-0.0023543021235698
31,16,0.0267884253500454,-0.0018043593368806
31,17,0.0395262261727840,-0.0009211078859121
31,18,0.0554996267717599,-0.0000784142289490
31,19,0.0744416350381078,0.0003511894185551
31,20,0.0964691977497571,0.0003490910472421
31,21,0.1222001009869848,0.0001827231630584
31,22,0.1523743991113842,0.0000603741732440
31,23,0.1875421702981081,0.0000129450021367
31,24,0.2280245426824431,0.0000017320940933
31,25,0.2739607128901703,0.0000001314234311
31,26,0.3253237641882075,0.0000000069355849
31,27,0.3819131704896619,0.0000000008837063
31,28,0.4433468697875202,0.0000000001386827
31,29,0.5090620043344238,0.0000000003730295
31,30,0.5783265996682463,0.0000000106021196
31,31,0.6502622441031096,0.0000000874565235
31,32,0.7238767039440329,0.0000001593464694
32,1,0.0000062216868185,-0.0000114826650683
32,2,0.0000163493979596,-0.0000249849797366
32,3,0.0000266291078289,-0.0000422774896111
32,4,0.0000412903919858,-0.0000653991826693
32,5,0.0000640888202596,-0.0000970415292958
32,6,0.0001003034992981,-0.0001409184754142
32,7,0.0001582792990002,-0.0002021110613892
32,8,0.0002516636091573,-0.0002875016594519
32,9,0.0004031456823090,-0.0004062542486983
32,10,0.0006509321288142,-0.0005701727812907
32,11,0.0010600784238147,-0.0007934885335988
32,12,0.0017422403009235,-0.0010910219983911
32,13,0.0028892656852301,-0.0014725514815555
32,14,0.0048268221553001,-0.0019297991399093
32,15,0.0080883397980415,-0.0024128498093079
32,16,0.0134838685406103,-0.0028023218433148
32,17,0.0220826076147318,-0.0029127055963026
32,18,0.0349927972670454,-0.0025904068195770
32,19,0.0529733362511462,-0.0018909146630052
32,20,0.0762346562441351,-0.0011116675365969
32,21,0.1046879936060856,-0.0005354190527015
32,22,0.1382768324375546,-0.0002108070911211
32,23,0.1770108700463868,-0.0000400365372064
32,24,0.2208647071155665,0.0000631264962039
32,25,0.2697267200745966,0.0001375950229549
32,26,0.3233800367894699,0.0001964381561779
32,27,0.3814922212495179,0.0002436365781045
32,28,0.4436119629352779,0.0002810133923495
32,29,0.5091686822698658,0.0003100046160221
32,30,0.5774753829265368,0.0003317516836619
32,31,0.6477383439570010,0.0003471195050828
32,32,0.7190967451457886,0.0003334807922559
